complaint_id,category,days_pending,severity,previous_complaints,citizen_age,distance_km,is_essential_service,repeat_issue,priority
C1001,Streetlight,27,4,1,29,20.8,0,0,Medium
C1002,Electricity,1,4,5,19,15.1,1,1,Low
C1003,Streetlight,12,5,0,54,6.5,0,0,Medium
C1004,Sanitation,14,5,2,57,18.8,1,1,High
C1005,Water,24,4,4,62,2.6,1,1,High
C1006,Documentation,3,2,5,73,19.5,0,1,Low
C1007,Streetlight,13,3,1,46,15.0,0,0,Low
C1008,Streetlight,4,3,3,66,3.2,0,1,Low
C1009,Water,24,4,1,59,2.4,1,0,Medium
C1010,Electricity,19,5,0,34,18.9,1,0,Medium
C1011,Road,15,2,2,67,7.7,0,1,Medium
C1012,Documentation,12,3,5,21,22.3,0,1,Medium
C1013,Sanitation,4,1,4,52,19.2,1,1,Low
C1014,Streetlight,28,4,2,72,17.6,0,1,High
C1015,Electricity,20,3,1,56,7.3,1,0,Low
C1016,Road,9,3,0,72,17.9,0,0,Low
C1017,Sanitation,12,3,1,21,23.7,1,0,Medium
C1018,Water,22,2,0,48,2.7,1,0,Medium
C1019,Streetlight,22,3,1,63,8.5,0,0,Medium
C1020,Sanitation,14,4,4,55,6.2,1,1,Medium
C1021,Streetlight,9,2,0,69,10.1,0,0,Low
C1022,Road,20,1,0,44,18.7,0,0,Low
C1023,Documentation,20,2,3,57,12.1,0,1,Low
C1024,Documentation,18,1,1,42,14.5,0,0,Low
C1025,Streetlight,2,2,2,68,8.2,0,1,Low
C1026,Water,14,4,0,24,4.0,1,0,Medium
C1027,Electricity,19,1,1,32,7.0,1,0,Medium
C1028,Water,29,4,2,23,21.6,1,1,High
C1029,Water,16,2,4,58,15.3,1,1,High
C1030,Sanitation,10,5,2,31,9.8,1,1,High
C1031,Streetlight,17,4,3,36,19.9,0,1,Medium
C1032,Documentation,5,2,3,66,2.1,0,1,Medium
C1033,Road,2,3,1,38,6.7,0,0,Low
C1034,Road,21,1,1,26,6.1,0,0,Low
C1035,Electricity,30,1,2,19,24.6,1,1,Medium
C1036,Water,26,5,0,31,17.8,1,0,High
C1037,Water,18,5,4,71,15.6,1,1,High
C1038,Electricity,1,1,3,49,0.6,1,1,Low
C1039,Road,30,2,1,75,5.0,0,0,High
C1040,Sanitation,13,1,2,30,16.1,1,1,Low
C1041,Electricity,8,2,1,38,9.8,1,0,Low
C1042,Streetlight,27,2,3,27,23.1,0,1,Medium
C1043,Sanitation,23,2,4,41,19.2,1,1,Medium
C1044,Road,23,3,0,50,11.5,0,0,High
C1045,Streetlight,8,1,2,64,18.9,0,1,Low
C1046,Streetlight,30,5,0,39,24.4,0,0,Medium
C1047,Electricity,14,4,2,62,11.8,1,1,Medium
C1048,Road,16,4,1,54,16.2,0,0,Low
C1049,Sanitation,23,1,2,34,23.0,1,1,Medium
C1050,Water,20,4,2,70,6.6,1,1,High
C1051,Water,5,5,1,43,22.2,1,0,Low
C1052,Water,9,1,2,26,2.9,1,1,Low
C1053,Streetlight,11,4,4,73,16.4,0,1,High
C1054,Sanitation,29,2,4,70,19.7,1,1,High
C1055,Sanitation,22,4,0,20,15.6,1,0,Medium
C1056,Streetlight,11,3,2,70,12.6,0,1,Low
C1057,Electricity,22,5,5,72,15.6,1,1,High
C1058,Sanitation,22,1,3,66,4.2,1,1,Medium
C1059,Water,12,2,1,32,5.8,1,0,Low
C1060,Water,12,2,3,54,7.1,1,1,Low
C1061,Sanitation,27,2,0,49,15.1,1,0,Medium
C1062,Electricity,17,2,0,53,11.3,1,0,Low
C1063,Sanitation,4,2,3,53,6.5,1,1,Low
C1064,Streetlight,22,1,3,55,22.1,0,1,Medium
C1065,Sanitation,18,4,4,47,9.7,1,1,High
C1066,Sanitation,15,3,2,58,11.4,1,1,High
C1067,Sanitation,22,5,5,48,10.5,1,1,High
C1068,Road,28,4,2,18,5.0,0,1,High
C1069,Water,10,1,4,20,18.4,1,1,Medium
C1070,Electricity,12,1,0,73,11.5,1,0,Low
C1071,Road,5,3,0,70,0.9,0,0,Low
C1072,Electricity,20,3,4,51,24.1,1,1,High
C1073,Streetlight,12,2,5,28,20.5,0,1,Medium
C1074,Road,10,4,5,63,18.2,0,1,Medium
C1075,Water,21,3,1,26,21.8,1,0,Medium
C1076,Road,12,4,0,39,22.7,0,0,Low
C1077,Road,14,1,5,37,8.8,0,1,Low
C1078,Sanitation,13,5,3,18,15.5,1,1,Medium
C1079,Sanitation,8,2,1,64,15.4,1,0,Low
C1080,Streetlight,3,3,4,47,7.0,0,1,Medium
C1081,Sanitation,25,3,5,36,5.9,1,1,High
C1082,Electricity,2,5,1,47,3.3,1,0,Low
C1083,Streetlight,10,2,4,18,16.7,0,1,Medium
C1084,Water,20,2,4,43,19.6,1,1,Medium
C1085,Water,4,2,3,48,19.1,1,1,Low
C1086,Water,20,2,3,37,8.2,1,1,Medium
C1087,Streetlight,22,1,1,66,5.5,0,0,Medium
C1088,Electricity,20,1,5,32,11.6,1,1,Medium
C1089,Water,9,2,5,25,13.9,1,1,Medium
C1090,Electricity,0,3,5,48,23.0,1,1,Medium
C1091,Water,27,2,4,69,21.9,1,1,Medium
C1092,Sanitation,10,2,0,39,22.9,1,0,Low
C1093,Electricity,24,4,2,20,21.3,1,1,High
C1094,Electricity,6,2,2,74,24.1,1,1,Medium
C1095,Road,5,5,5,43,11.9,0,1,Medium
C1096,Sanitation,24,4,3,28,1.7,1,1,High
C1097,Road,29,1,3,53,2.5,0,1,High
C1098,Water,26,2,0,36,10.1,1,0,Medium
C1099,Water,23,1,4,72,6.8,1,1,Medium
C1100,Documentation,7,2,2,35,4.7,0,1,Low
C1101,Documentation,28,2,0,49,23.9,0,0,Low
C1102,Sanitation,20,1,5,49,5.3,1,1,High
C1103,Road,5,1,1,32,24.0,0,0,Low
C1104,Documentation,4,3,0,46,19.1,0,0,Low
C1105,Streetlight,27,4,0,24,16.2,0,0,High
C1106,Sanitation,8,2,2,55,17.1,1,1,Medium
C1107,Electricity,23,5,0,61,8.6,1,0,High
C1108,Road,4,2,5,73,16.3,0,1,Low
C1109,Water,8,5,3,36,5.1,1,1,High
C1110,Documentation,8,2,1,34,23.5,0,0,Low
C1111,Electricity,8,3,0,49,7.9,1,0,Low
C1112,Road,20,4,2,58,6.8,0,1,Medium
C1113,Road,28,1,0,75,17.9,0,0,Medium
C1114,Sanitation,28,5,5,19,16.6,1,1,High
C1115,Water,22,2,1,31,11.6,1,0,Low
C1116,Streetlight,6,3,2,33,16.0,0,1,Low
C1117,Streetlight,29,4,0,32,4.4,0,0,Medium
C1118,Sanitation,16,4,0,44,17.0,1,0,Low
C1119,Electricity,16,1,1,68,7.1,1,0,Low
C1120,Sanitation,21,5,0,19,7.2,1,0,High
C1121,Sanitation,23,4,4,65,4.5,1,1,High
C1122,Sanitation,29,5,5,53,8.6,1,1,High
C1123,Water,18,3,5,53,8.6,1,1,Medium
C1124,Electricity,18,4,1,57,11.6,1,0,Medium
C1125,Water,23,3,4,24,5.2,1,1,High
C1126,Electricity,7,5,3,61,5.2,1,1,High
C1127,Road,9,5,0,32,13.8,0,0,Low
C1128,Water,19,5,0,47,3.7,1,0,Medium
C1129,Water,1,3,3,57,17.4,1,1,Medium
C1130,Sanitation,9,4,2,53,23.6,1,1,Medium
C1131,Water,22,2,0,36,11.0,1,0,Low
C1132,Documentation,30,3,5,40,22.6,0,1,High
C1133,Sanitation,16,4,4,45,2.9,1,1,High
C1134,Road,12,1,3,20,1.6,0,1,Low
C1135,Sanitation,13,4,5,60,18.2,1,1,High
C1136,Water,21,1,5,23,19.1,1,1,Medium
C1137,Documentation,16,3,5,44,21.2,0,1,Medium
C1138,Electricity,0,3,1,55,1.9,1,0,Low
C1139,Streetlight,16,3,5,22,19.5,0,1,Medium
C1140,Water,12,3,3,75,9.7,1,1,Medium
C1141,Electricity,21,3,4,39,7.9,1,1,High
C1142,Electricity,27,3,5,18,4.7,1,1,High
C1143,Documentation,29,3,0,56,24.9,0,0,Medium
C1144,Sanitation,18,3,2,50,2.1,1,1,Medium
C1145,Electricity,11,4,0,55,20.8,1,0,Medium
C1146,Road,13,3,1,61,16.2,0,0,Low
C1147,Road,5,4,2,45,18.5,0,1,Medium
C1148,Electricity,29,5,5,65,17.9,1,1,High
C1149,Electricity,26,5,5,39,21.5,1,1,High
C1150,Water,26,1,2,49,5.0,1,1,Medium
C1151,Streetlight,10,4,1,27,0.5,0,0,Medium
C1152,Documentation,9,2,3,53,15.2,0,1,Low
C1153,Water,26,1,5,33,9.2,1,1,High
C1154,Sanitation,16,4,5,58,3.5,1,1,High
C1155,Water,21,1,1,64,5.1,1,0,Low
C1156,Sanitation,15,5,1,67,8.6,1,0,Medium
C1157,Road,13,4,4,71,2.2,0,1,Medium
C1158,Sanitation,19,5,1,25,1.9,1,0,High
C1159,Streetlight,25,4,1,26,22.9,0,0,Medium
C1160,Streetlight,10,5,0,71,8.1,0,0,Medium
C1161,Water,25,1,2,40,24.6,1,1,Medium
C1162,Documentation,7,5,2,19,24.1,0,1,Low
C1163,Road,12,1,3,34,4.0,0,1,Low
C1164,Water,28,2,1,66,18.0,1,0,Medium
C1165,Sanitation,29,1,4,38,15.2,1,1,Medium
C1166,Road,28,3,4,22,17.4,0,1,High
C1167,Streetlight,9,4,2,59,2.9,0,1,Low
C1168,Streetlight,26,2,1,29,5.1,0,0,Low
C1169,Road,29,5,3,38,2.4,0,1,Medium
C1170,Documentation,30,4,4,18,15.3,0,1,High
C1171,Road,0,4,2,52,24.7,0,1,Low
C1172,Electricity,23,5,1,43,17.0,1,0,Medium
C1173,Road,30,3,3,68,17.9,0,1,High
C1174,Documentation,23,2,2,37,24.6,0,1,Medium
C1175,Water,7,5,2,29,17.1,1,1,Medium
C1176,Water,23,3,2,27,1.5,1,1,Medium
C1177,Electricity,3,4,1,29,21.7,1,0,Medium
C1178,Documentation,14,2,4,44,9.4,0,1,Medium
C1179,Documentation,19,2,2,23,0.6,0,1,Low
C1180,Streetlight,14,1,2,41,12.9,0,1,Low
C1181,Documentation,21,2,3,67,23.5,0,1,Medium
C1182,Documentation,7,1,2,62,6.8,0,1,Low
C1183,Electricity,18,4,0,54,12.5,1,0,High
C1184,Road,19,1,5,69,4.8,0,1,Medium
C1185,Streetlight,19,4,0,63,1.9,0,0,Low
C1186,Sanitation,8,5,3,55,2.5,1,1,Medium
C1187,Road,9,4,1,68,18.3,0,0,Medium
C1188,Water,7,3,1,25,21.7,1,0,Low
C1189,Streetlight,14,1,0,65,4.0,0,0,Low
C1190,Road,18,5,5,35,7.6,0,1,High
C1191,Documentation,11,1,2,60,5.3,0,1,Low
C1192,Road,12,4,2,70,1.2,0,1,Medium
C1193,Water,8,4,4,46,14.1,1,1,High
C1194,Streetlight,6,1,0,23,17.6,0,0,Low
C1195,Water,20,4,3,39,16.4,1,1,Medium
C1196,Water,25,1,2,41,10.0,1,1,High
C1197,Sanitation,9,2,3,72,14.1,1,1,Low
C1198,Documentation,26,5,0,72,2.8,0,0,High
C1199,Water,17,5,5,50,4.3,1,1,Medium
C1200,Road,5,2,1,73,23.3,0,0,Low
C1201,Streetlight,11,5,4,43,19.2,0,1,High
C1202,Documentation,0,5,4,41,23.1,0,1,Medium
C1203,Electricity,1,4,2,66,23.0,1,1,Medium
C1204,Water,10,1,0,56,16.4,1,0,Low
C1205,Water,14,2,1,48,23.2,1,0,Low
C1206,Road,24,4,4,44,10.7,0,1,High
C1207,Water,4,5,5,58,0.6,1,1,Medium
C1208,Sanitation,26,5,5,61,2.0,1,1,High
C1209,Water,7,3,1,46,3.2,1,0,Medium
C1210,Electricity,4,2,3,19,2.8,1,1,Medium
C1211,Sanitation,21,5,0,23,9.1,1,0,Medium
C1212,Sanitation,24,2,4,26,17.7,1,1,Medium
C1213,Water,18,2,2,44,19.9,1,1,Medium
C1214,Streetlight,3,5,4,53,15.0,0,1,Medium
C1215,Sanitation,3,3,4,64,4.1,1,1,Low
C1216,Streetlight,12,2,5,31,18.8,0,1,Medium
C1217,Water,13,1,2,63,9.2,1,1,Medium
C1218,Water,30,3,2,56,0.8,1,1,High
C1219,Documentation,8,5,3,20,7.4,0,1,High
C1220,Electricity,5,3,0,38,8.6,1,0,Low
C1221,Road,29,4,0,35,7.2,0,0,Medium
C1222,Electricity,4,2,3,69,20.4,1,1,Low
C1223,Sanitation,0,4,4,71,19.1,1,1,Medium
C1224,Documentation,13,4,3,65,17.5,0,1,Medium
C1225,Road,12,4,4,48,3.9,0,1,Medium
C1226,Documentation,19,4,1,46,20.3,0,0,Medium
C1227,Water,27,3,2,36,17.1,1,1,Medium
C1228,Sanitation,28,2,3,62,5.3,1,1,Medium
C1229,Sanitation,8,4,2,23,16.4,1,1,High
C1230,Water,30,5,0,33,12.3,1,0,High
C1231,Water,19,5,0,25,11.3,1,0,Medium
C1232,Electricity,2,2,5,46,3.2,1,1,Medium
C1233,Documentation,29,4,3,35,13.2,0,1,High
C1234,Sanitation,4,1,1,29,2.9,1,0,Medium
C1235,Documentation,18,3,1,39,4.5,0,0,Medium
C1236,Streetlight,24,3,0,67,3.7,0,0,Medium
C1237,Electricity,7,2,5,50,23.9,1,1,Medium
C1238,Streetlight,8,5,0,65,7.5,0,0,Low
C1239,Water,14,5,4,71,9.2,1,1,High
C1240,Water,27,1,1,70,8.4,1,0,High
C1241,Streetlight,6,2,2,38,22.5,0,1,Low
C1242,Streetlight,20,2,1,68,14.3,0,0,Low
C1243,Road,14,5,4,70,23.0,0,1,Medium
C1244,Electricity,3,3,0,73,7.8,1,0,Medium
C1245,Sanitation,22,4,2,38,3.3,1,1,High
C1246,Streetlight,25,5,1,31,14.1,0,0,Medium
C1247,Sanitation,17,4,1,51,9.0,1,0,Medium
C1248,Electricity,5,1,1,72,20.1,1,0,Low
C1249,Road,4,1,5,70,22.0,0,1,Low
C1250,Electricity,13,2,2,51,12.1,1,1,Medium
C1251,Sanitation,15,2,2,26,24.3,1,1,Medium
C1252,Streetlight,17,4,2,42,14.0,0,1,Medium
C1253,Electricity,7,1,5,59,7.1,1,1,Low
C1254,Road,15,2,2,50,12.5,0,1,Low
C1255,Road,9,2,2,38,1.4,0,1,Low
C1256,Streetlight,21,1,1,37,20.2,0,0,Low
C1257,Streetlight,24,1,1,21,3.0,0,0,Low
C1258,Water,20,1,0,34,8.1,1,0,Low
C1259,Water,0,3,3,56,14.4,1,1,Low
C1260,Sanitation,30,3,0,31,1.6,1,0,Medium
C1261,Water,0,3,1,75,2.4,1,0,Low
C1262,Streetlight,30,3,1,22,17.6,0,0,Medium
C1263,Road,0,4,1,52,2.3,0,0,Low
C1264,Water,16,5,4,46,12.2,1,1,High
C1265,Documentation,3,3,3,66,8.8,0,1,Low
C1266,Water,2,4,5,69,6.1,1,1,Medium
C1267,Road,21,4,2,49,5.1,0,1,Medium
C1268,Water,22,4,5,54,19.2,1,1,High
C1269,Water,3,1,0,58,23.8,1,0,Low
C1270,Water,30,5,3,48,3.9,1,1,High
C1271,Water,9,1,4,28,24.0,1,1,Low
C1272,Water,9,3,3,42,15.1,1,1,Medium
C1273,Water,9,4,5,32,16.2,1,1,High
C1274,Sanitation,14,3,1,44,17.9,1,0,Medium
C1275,Sanitation,5,2,0,53,17.8,1,0,Low
C1276,Electricity,13,5,4,30,20.6,1,1,High
C1277,Road,6,1,0,32,12.3,0,0,Low
C1278,Electricity,1,2,4,65,13.6,1,1,Medium
C1279,Documentation,11,5,4,39,8.4,0,1,High
C1280,Streetlight,20,4,5,29,3.1,0,1,High
C1281,Water,23,1,2,59,16.8,1,1,Medium
C1282,Water,10,4,5,59,1.3,1,1,High
C1283,Road,10,5,1,65,7.3,0,0,Medium
C1284,Road,24,1,2,62,2.8,0,1,Medium
C1285,Sanitation,21,3,0,75,5.2,1,0,Medium
C1286,Electricity,25,3,4,51,16.1,1,1,Medium
C1287,Water,28,1,4,34,15.9,1,1,High
C1288,Road,25,2,4,68,10.8,0,1,Medium
C1289,Electricity,29,1,4,33,2.7,1,1,High
C1290,Water,12,1,1,34,11.1,1,0,Low
C1291,Streetlight,12,3,0,66,9.1,0,0,Low
C1292,Water,9,3,5,69,18.2,1,1,Medium
C1293,Documentation,7,2,2,37,14.7,0,1,Low
C1294,Water,23,2,0,60,12.5,1,0,Low
C1295,Streetlight,22,1,5,71,12.4,0,1,Medium
C1296,Documentation,24,4,5,64,24.2,0,1,High
C1297,Documentation,5,2,2,18,19.0,0,1,Medium
C1298,Streetlight,15,5,4,56,12.7,0,1,High
C1299,Streetlight,6,3,0,27,12.2,0,0,Low
C1300,Sanitation,27,5,0,67,1.1,1,0,High
C1301,Streetlight,8,4,1,21,23.6,0,0,Medium
C1302,Water,4,2,3,75,8.3,1,1,Low
C1303,Electricity,17,4,0,28,6.8,1,0,Medium
C1304,Electricity,27,2,0,42,25.0,1,0,Medium
C1305,Streetlight,28,1,4,31,18.1,0,1,Medium
C1306,Electricity,2,2,4,65,1.7,1,1,Low
C1307,Electricity,10,2,4,40,2.0,1,1,Medium
C1308,Sanitation,4,1,4,61,1.1,1,1,Medium
C1309,Road,9,1,4,21,15.2,0,1,Medium
C1310,Water,16,5,3,44,2.3,1,1,High
C1311,Electricity,8,3,3,70,23.4,1,1,High
C1312,Electricity,2,3,5,71,23.5,1,1,Medium
C1313,Road,15,5,2,30,13.9,0,1,High
C1314,Road,1,2,0,40,15.6,0,0,Low
C1315,Road,7,3,4,41,7.7,0,1,High
C1316,Road,0,5,1,50,2.1,0,0,Low
C1317,Road,2,4,5,49,18.6,0,1,Medium
C1318,Sanitation,13,2,2,24,3.0,1,1,Medium
C1319,Road,26,2,5,62,2.6,0,1,High
C1320,Documentation,24,1,0,31,8.1,0,0,Medium
C1321,Documentation,3,1,3,36,0.8,0,1,Low
C1322,Electricity,1,1,2,66,11.1,1,1,Low
C1323,Road,10,4,2,57,17.8,0,1,Medium
C1324,Electricity,20,4,1,41,20.1,1,0,High
C1325,Streetlight,23,3,5,70,15.3,0,1,Medium
C1326,Sanitation,25,4,2,40,21.2,1,1,High
C1327,Streetlight,10,1,5,50,10.5,0,1,Medium
C1328,Electricity,5,2,2,32,21.3,1,1,Low
C1329,Sanitation,0,2,0,28,12.9,1,0,Low
C1330,Road,4,5,5,46,6.0,0,1,Medium
C1331,Streetlight,2,4,1,50,23.6,0,0,Low
C1332,Road,26,5,1,64,7.2,0,0,High
C1333,Sanitation,8,2,5,40,1.1,1,1,Medium
C1334,Streetlight,25,5,5,69,6.4,0,1,High
C1335,Water,17,1,5,53,9.5,1,1,Medium
C1336,Sanitation,16,2,2,22,9.1,1,1,Low
C1337,Water,14,3,4,60,13.4,1,1,Medium
C1338,Streetlight,25,1,1,51,22.1,0,0,Low
C1339,Water,1,5,4,40,7.7,1,1,Medium
C1340,Documentation,2,5,3,45,13.3,0,1,Medium
C1341,Water,13,3,0,35,8.8,1,0,Low
C1342,Documentation,12,2,2,53,20.6,0,1,Medium
C1343,Streetlight,16,1,2,50,4.4,0,1,Low
C1344,Sanitation,22,4,1,43,3.0,1,0,Medium
C1345,Streetlight,18,3,2,34,12.8,0,1,Medium
C1346,Streetlight,7,4,3,41,17.0,0,1,Low
C1347,Documentation,10,4,0,46,20.0,0,0,Low
C1348,Road,23,1,0,45,14.9,0,0,Medium
C1349,Sanitation,6,1,4,35,19.5,1,1,Low
C1350,Water,15,4,2,51,10.1,1,1,High
C1351,Sanitation,16,1,3,31,1.3,1,1,Medium
C1352,Water,23,5,3,47,3.3,1,1,High
C1353,Sanitation,22,1,3,25,1.4,1,1,Medium
C1354,Sanitation,14,4,2,45,8.6,1,1,High
C1355,Electricity,9,5,2,63,12.6,1,1,Medium
C1356,Electricity,11,3,4,65,9.2,1,1,High
C1357,Streetlight,12,1,5,58,14.2,0,1,Low
C1358,Streetlight,6,5,1,61,12.3,0,0,Low
C1359,Electricity,19,1,4,21,17.1,1,1,Medium
C1360,Sanitation,6,3,5,37,16.8,1,1,Medium
C1361,Documentation,20,5,0,55,8.3,0,0,High
C1362,Water,23,4,4,64,9.0,1,1,High
C1363,Water,29,1,2,51,14.8,1,1,Medium
C1364,Water,3,5,5,67,15.1,1,1,Medium
C1365,Sanitation,23,1,3,33,8.2,1,1,Medium
C1366,Electricity,2,4,5,26,8.6,1,1,High
C1367,Streetlight,10,4,0,23,17.5,0,0,Low
C1368,Sanitation,5,2,0,51,16.4,1,0,Low
C1369,Road,5,3,5,56,3.8,0,1,Medium
C1370,Documentation,5,1,3,34,11.3,0,1,Low
C1371,Streetlight,1,5,3,63,22.4,0,1,Medium
C1372,Road,25,2,1,60,1.4,0,0,Low
C1373,Road,1,2,1,38,21.5,0,0,Low
C1374,Road,12,3,4,31,4.5,0,1,Low
C1375,Water,21,4,1,61,12.9,1,0,High
C1376,Water,30,3,3,56,10.9,1,1,High
C1377,Documentation,26,3,1,27,0.7,0,0,Medium
C1378,Electricity,4,3,1,32,22.9,1,0,Medium
C1379,Electricity,30,5,0,46,11.6,1,0,High
C1380,Streetlight,20,2,5,47,23.9,0,1,Medium
C1381,Sanitation,5,5,5,27,7.5,1,1,Medium
C1382,Documentation,13,4,0,73,21.7,0,0,Medium
C1383,Streetlight,28,5,2,40,23.1,0,1,High
C1384,Electricity,12,5,3,40,14.1,1,1,Medium
C1385,Road,5,4,2,21,5.5,0,1,Low
C1386,Documentation,27,2,4,68,17.3,0,1,High
C1387,Sanitation,29,4,1,31,13.9,1,0,High
C1388,Documentation,30,4,0,75,23.6,0,0,High
C1389,Water,29,2,2,46,11.3,1,1,Medium
C1390,Streetlight,27,4,3,68,7.1,0,1,High
C1391,Sanitation,14,2,1,28,3.9,1,0,Medium
C1392,Water,5,3,4,27,17.6,1,1,Medium
C1393,Sanitation,19,4,0,64,24.4,1,0,Medium
C1394,Sanitation,6,1,0,65,1.2,1,0,Low
C1395,Water,14,2,3,49,18.6,1,1,Medium
C1396,Electricity,20,4,3,19,23.2,1,1,Medium
C1397,Streetlight,29,3,1,72,2.3,0,0,Medium
C1398,Road,8,5,1,40,3.2,0,0,Medium
C1399,Electricity,7,1,0,72,17.5,1,0,Low
C1400,Electricity,22,4,3,68,16.4,1,1,High
C1401,Road,0,5,2,67,2.2,0,1,Medium
C1402,Documentation,17,5,0,57,20.9,0,0,Low
C1403,Streetlight,23,1,2,57,13.3,0,1,Medium
C1404,Water,17,5,5,48,22.7,1,1,High
C1405,Documentation,11,2,1,19,22.0,0,0,Low
C1406,Documentation,25,2,5,40,20.4,0,1,High
C1407,Road,11,2,1,60,13.1,0,0,Low
C1408,Streetlight,22,4,1,65,6.7,0,0,Medium
C1409,Water,14,4,1,50,12.9,1,0,Medium
C1410,Documentation,0,3,1,59,3.0,0,0,Low
C1411,Sanitation,16,1,0,19,16.6,1,0,Low
C1412,Sanitation,1,5,3,45,3.8,1,1,High
C1413,Water,28,2,2,47,13.0,1,1,Medium
C1414,Documentation,18,1,4,69,1.8,0,1,Medium
C1415,Water,11,3,2,36,7.8,1,1,Low
C1416,Road,15,3,2,31,6.2,0,1,Medium
C1417,Water,19,4,2,38,15.7,1,1,Medium
C1418,Streetlight,8,5,0,27,19.8,0,0,Low
C1419,Water,8,1,4,50,1.9,1,1,Medium
C1420,Documentation,12,2,0,55,21.3,0,0,Low
C1421,Sanitation,8,3,4,64,21.6,1,1,Medium
C1422,Water,23,4,5,74,8.9,1,1,Medium
C1423,Water,3,4,4,22,16.6,1,1,High
C1424,Water,25,2,2,32,10.4,1,1,Medium
C1425,Sanitation,10,4,1,35,4.3,1,0,Medium
C1426,Streetlight,17,5,5,32,13.5,0,1,High
C1427,Road,4,3,1,65,2.6,0,0,Low
C1428,Streetlight,11,5,2,26,22.0,0,1,Medium
C1429,Water,23,4,4,19,23.1,1,1,High
C1430,Streetlight,8,2,5,67,20.6,0,1,Low
C1431,Documentation,4,2,5,73,14.3,0,1,Low
C1432,Streetlight,16,4,0,31,14.2,0,0,Medium
C1433,Sanitation,5,2,5,37,24.6,1,1,Low
C1434,Streetlight,9,2,0,47,6.6,0,0,Low
C1435,Water,13,2,3,48,2.4,1,1,Medium
C1436,Road,17,4,5,75,14.3,0,1,Medium
C1437,Water,19,2,3,41,8.6,1,1,Medium
C1438,Electricity,20,4,5,18,8.4,1,1,High
C1439,Streetlight,26,5,2,42,0.7,0,1,High
C1440,Sanitation,2,5,1,50,15.1,1,0,Low
C1441,Streetlight,11,5,1,47,7.0,0,0,Medium
C1442,Water,0,1,2,47,5.1,1,1,Low
C1443,Streetlight,0,3,4,71,1.5,0,1,Low
C1444,Water,6,2,2,64,9.4,1,1,Low
C1445,Road,18,5,4,32,22.0,0,1,High
C1446,Sanitation,27,4,2,38,8.7,1,1,Medium
C1447,Documentation,23,2,1,56,17.1,0,0,Low
C1448,Sanitation,20,3,1,41,19.0,1,0,Medium
C1449,Water,24,4,3,42,8.5,1,1,High
C1450,Sanitation,5,3,5,27,20.6,1,1,Medium
C1451,Water,26,3,5,32,17.5,1,1,High
C1452,Documentation,27,1,1,60,14.2,0,0,Medium
C1453,Sanitation,2,3,2,66,0.5,1,1,Medium
C1454,Water,14,2,4,63,1.4,1,1,Medium
C1455,Water,25,5,3,35,24.8,1,1,High
C1456,Water,14,5,0,25,19.7,1,0,Medium
C1457,Documentation,26,4,3,27,23.5,0,1,Medium
C1458,Electricity,29,1,0,40,22.6,1,0,Medium
C1459,Streetlight,14,5,0,48,1.0,0,0,Medium
C1460,Sanitation,1,2,3,69,19.9,1,1,Low
C1461,Sanitation,10,3,0,70,11.6,1,0,Low
C1462,Water,6,5,2,18,19.8,1,1,Medium
C1463,Documentation,14,5,3,59,0.7,0,1,Medium
C1464,Road,18,1,3,35,7.6,0,1,Low
C1465,Sanitation,14,2,2,29,18.9,1,1,Low
C1466,Sanitation,6,4,0,50,19.9,1,0,Medium
C1467,Sanitation,9,3,4,19,15.7,1,1,Medium
C1468,Documentation,21,2,5,37,7.9,0,1,Low
C1469,Water,0,3,5,50,8.1,1,1,Low
C1470,Electricity,6,5,4,33,24.2,1,1,Medium
C1471,Electricity,27,2,2,52,11.3,1,1,Medium
C1472,Electricity,3,4,5,44,11.5,1,1,Medium
C1473,Water,12,4,2,64,14.0,1,1,High
C1474,Water,6,5,0,28,10.5,1,0,Medium
C1475,Road,3,2,5,21,14.0,0,1,Medium
C1476,Road,13,2,1,48,11.1,0,0,Low
C1477,Electricity,16,3,5,32,20.8,1,1,High
C1478,Sanitation,5,3,2,58,22.8,1,1,Low
C1479,Sanitation,2,3,5,23,23.3,1,1,Medium
C1480,Electricity,4,4,3,51,14.3,1,1,Medium
C1481,Electricity,20,4,2,75,11.3,1,1,Medium
C1482,Road,26,2,1,23,17.8,0,0,Medium
C1483,Sanitation,5,4,5,35,21.0,1,1,Medium
C1484,Road,9,2,0,66,14.3,0,0,Low
C1485,Water,10,3,2,48,17.6,1,1,Low
C1486,Electricity,11,1,2,28,18.9,1,1,Low
C1487,Electricity,7,2,3,30,17.1,1,1,Low
C1488,Road,1,5,1,62,18.8,0,0,Low
C1489,Sanitation,16,3,3,67,5.6,1,1,Medium
C1490,Sanitation,11,4,2,38,12.7,1,1,Medium
C1491,Sanitation,10,1,1,45,14.9,1,0,Low
C1492,Sanitation,8,4,1,63,0.6,1,0,Low
C1493,Sanitation,28,2,4,28,21.5,1,1,High
C1494,Road,18,4,1,29,15.4,0,0,Medium
C1495,Streetlight,12,5,1,62,3.7,0,0,Medium
C1496,Electricity,6,3,3,28,20.5,1,1,Medium
C1497,Electricity,24,1,1,62,18.1,1,0,Medium
C1498,Sanitation,27,3,2,46,19.1,1,1,High
C1499,Road,1,1,1,75,10.1,0,0,Low
C1500,Electricity,28,3,2,19,21.4,1,1,High
C1501,Streetlight,21,1,4,72,10.6,0,1,Medium
C1502,Documentation,3,4,3,31,14.5,0,1,Low
C1503,Documentation,23,2,5,20,0.5,0,1,High
C1504,Electricity,3,2,4,59,16.3,1,1,Low
C1505,Electricity,1,1,0,48,18.1,1,0,Low
C1506,Streetlight,3,5,2,66,14.4,0,1,Low
C1507,Road,14,5,1,24,12.7,0,0,Medium
C1508,Streetlight,19,5,3,22,20.3,0,1,Medium
C1509,Electricity,12,1,1,50,17.2,1,0,Medium
C1510,Water,3,2,5,69,7.3,1,1,Medium
C1511,Water,6,5,1,41,24.0,1,0,Medium
C1512,Streetlight,26,3,3,64,17.8,0,1,High
C1513,Water,29,1,0,70,24.7,1,0,Medium
C1514,Road,23,1,5,68,24.3,0,1,Medium
C1515,Road,3,2,5,47,23.0,0,1,Low
C1516,Water,25,5,4,58,19.0,1,1,High
C1517,Road,21,1,2,48,15.4,0,1,Low
C1518,Streetlight,16,5,0,57,4.7,0,0,Medium
C1519,Water,4,4,4,50,13.8,1,1,Medium
C1520,Streetlight,30,5,2,48,19.3,0,1,High
C1521,Streetlight,13,5,5,43,13.3,0,1,High
C1522,Road,1,2,4,55,21.8,0,1,Low
C1523,Water,6,5,3,61,3.2,1,1,Medium
C1524,Sanitation,12,1,5,71,9.8,1,1,Low
C1525,Water,1,2,4,53,12.9,1,1,Medium
C1526,Road,10,2,2,23,11.1,0,1,Low
C1527,Documentation,14,1,0,52,3.2,0,0,Medium
C1528,Documentation,29,1,0,36,4.3,0,0,Medium
C1529,Streetlight,2,1,2,19,21.0,0,1,Low
C1530,Road,17,1,3,22,12.4,0,1,Medium
C1531,Sanitation,28,2,0,52,1.7,1,0,Low
C1532,Sanitation,24,1,0,72,0.9,1,0,Low
C1533,Electricity,28,1,4,47,12.1,1,1,High
C1534,Sanitation,5,5,4,43,4.5,1,1,Low
C1535,Water,24,1,0,23,17.8,1,0,Low
C1536,Road,30,1,3,57,20.0,0,1,Medium
C1537,Electricity,10,1,0,21,6.1,1,0,Low
C1538,Water,15,1,4,66,15.0,1,1,Low
C1539,Water,16,3,5,65,4.3,1,1,High
C1540,Streetlight,15,5,5,75,7.9,0,1,High
C1541,Documentation,8,4,3,34,22.3,0,1,Medium
C1542,Sanitation,30,3,3,27,13.8,1,1,High
C1543,Streetlight,29,1,5,35,22.2,0,1,Medium
C1544,Documentation,11,4,3,64,6.0,0,1,Medium
C1545,Water,24,1,2,30,8.6,1,1,Low
C1546,Electricity,12,4,4,69,12.0,1,1,High
C1547,Electricity,24,3,3,26,12.3,1,1,High
C1548,Water,18,5,5,20,24.9,1,1,High
C1549,Streetlight,14,2,3,30,3.3,0,1,Low
C1550,Electricity,3,4,5,61,21.4,1,1,Medium
C1551,Electricity,20,3,0,52,21.7,1,0,Medium
C1552,Water,9,3,0,38,14.1,1,0,Low
C1553,Water,6,5,0,56,8.9,1,0,Medium
C1554,Documentation,5,4,3,55,13.2,0,1,Medium
C1555,Water,30,3,4,50,7.7,1,1,High
C1556,Road,3,3,1,47,20.1,0,0,Low
C1557,Road,24,4,0,23,12.7,0,0,Medium
C1558,Electricity,26,2,5,33,23.2,1,1,High
C1559,Sanitation,0,1,4,48,15.8,1,1,Low
C1560,Electricity,18,3,3,25,13.1,1,1,Medium
C1561,Water,17,1,2,45,17.9,1,1,High
C1562,Road,11,1,2,24,12.8,0,1,Low
C1563,Streetlight,20,3,0,63,22.7,0,0,Medium
C1564,Sanitation,12,4,1,23,5.0,1,0,Low
C1565,Sanitation,13,4,5,23,24.3,1,1,High
C1566,Sanitation,13,2,2,54,20.4,1,1,Medium
C1567,Streetlight,24,3,4,30,21.6,0,1,Medium
C1568,Water,19,1,4,38,12.3,1,1,Medium
C1569,Road,11,4,1,36,21.0,0,0,Medium
C1570,Electricity,28,2,1,30,8.0,1,0,Medium
C1571,Road,24,4,4,62,19.2,0,1,High
C1572,Streetlight,28,5,0,58,3.9,0,0,High
C1573,Electricity,22,4,2,31,8.0,1,1,High
C1574,Streetlight,12,2,5,57,11.4,0,1,Medium
C1575,Streetlight,23,5,4,59,8.4,0,1,High
C1576,Electricity,10,4,4,49,10.0,1,1,Medium
C1577,Documentation,8,4,0,51,20.6,0,0,Low
C1578,Sanitation,13,5,1,72,6.8,1,0,Medium
C1579,Streetlight,30,5,1,44,18.8,0,0,High
C1580,Road,17,1,1,40,2.3,0,0,Low
C1581,Electricity,11,5,1,49,19.3,1,0,Medium
C1582,Electricity,14,4,5,66,19.9,1,1,High
C1583,Water,9,2,0,59,10.3,1,0,Medium
C1584,Electricity,20,2,4,22,18.2,1,1,Medium
C1585,Documentation,10,4,3,44,22.9,0,1,Medium
C1586,Sanitation,17,2,3,60,20.1,1,1,Medium
C1587,Water,11,3,1,30,10.1,1,0,Medium
C1588,Road,9,4,1,75,12.4,0,0,Low
C1589,Water,30,4,3,64,19.6,1,1,High
C1590,Water,10,5,1,67,7.7,1,0,Low
C1591,Documentation,2,1,4,22,20.2,0,1,Low
C1592,Electricity,11,2,0,51,8.5,1,0,Low
C1593,Road,16,5,0,48,20.2,0,0,Low
C1594,Sanitation,2,3,4,54,2.6,1,1,Medium
C1595,Water,9,2,3,67,1.6,1,1,Low
C1596,Road,5,2,0,38,24.9,0,0,Low
C1597,Sanitation,15,2,5,48,21.8,1,1,Medium
C1598,Sanitation,22,3,0,57,22.1,1,0,High
C1599,Documentation,30,2,5,61,23.8,0,1,High
C1600,Sanitation,12,4,4,62,11.2,1,1,Medium
C1601,Electricity,26,3,5,37,7.5,1,1,High
C1602,Streetlight,6,4,5,75,3.7,0,1,Medium
C1603,Documentation,24,1,1,18,12.8,0,0,Low
C1604,Streetlight,17,4,4,46,5.9,0,1,Medium
C1605,Documentation,23,5,1,53,23.4,0,0,High
C1606,Streetlight,23,1,2,21,0.6,0,1,Low
C1607,Streetlight,16,2,1,44,4.0,0,0,Low
C1608,Water,7,4,2,52,6.5,1,1,Medium
C1609,Streetlight,16,4,5,53,5.4,0,1,High
C1610,Electricity,25,4,2,24,6.0,1,1,High
C1611,Sanitation,30,3,0,34,16.6,1,0,Medium
C1612,Sanitation,28,4,1,32,8.5,1,0,Medium
C1613,Documentation,5,4,4,55,15.6,0,1,Low
C1614,Documentation,18,1,3,37,22.3,0,1,Medium
C1615,Road,3,4,3,51,15.3,0,1,Medium
C1616,Streetlight,20,3,2,60,17.5,0,1,Medium
C1617,Streetlight,30,1,1,64,9.5,0,0,Medium
C1618,Road,1,3,3,28,4.4,0,1,Low
C1619,Water,20,3,3,70,8.4,1,1,Medium
C1620,Water,29,1,5,27,24.1,1,1,High
C1621,Streetlight,26,5,3,19,15.7,0,1,High
C1622,Electricity,12,2,5,20,7.3,1,1,High
C1623,Documentation,3,2,4,29,11.5,0,1,Medium
C1624,Electricity,28,3,0,68,21.0,1,0,Medium
C1625,Documentation,28,5,2,30,16.9,0,1,High
C1626,Electricity,17,4,2,58,14.2,1,1,Medium
C1627,Streetlight,30,4,0,42,22.2,0,0,Medium
C1628,Water,0,2,1,20,17.0,1,0,Low
C1629,Sanitation,19,5,4,43,16.2,1,1,High
C1630,Streetlight,1,5,2,19,5.1,0,1,Medium
C1631,Documentation,29,3,0,45,3.1,0,0,Medium
C1632,Streetlight,21,3,1,50,24.1,0,0,Medium
C1633,Water,28,1,1,48,15.2,1,0,Medium
C1634,Road,17,4,1,34,10.7,0,0,Medium
C1635,Water,2,5,0,62,14.9,1,0,Low
C1636,Water,0,3,4,52,2.0,1,1,Low
C1637,Sanitation,10,3,4,32,20.6,1,1,Medium
C1638,Sanitation,23,3,2,43,5.8,1,1,Medium
C1639,Streetlight,4,1,3,24,20.2,0,1,Low
C1640,Streetlight,26,4,5,71,13.6,0,1,High
C1641,Streetlight,7,4,5,61,7.3,0,1,Medium
C1642,Streetlight,15,5,0,34,1.2,0,0,Medium
C1643,Water,6,5,5,57,20.5,1,1,High
C1644,Road,14,3,0,57,4.8,0,0,Low
C1645,Sanitation,14,5,0,53,1.8,1,0,Medium
C1646,Streetlight,0,3,2,21,19.0,0,1,Low
C1647,Water,17,4,4,68,9.1,1,1,High
C1648,Electricity,24,4,0,73,10.0,1,0,High
C1649,Sanitation,29,5,1,74,6.6,1,0,High
C1650,Water,10,4,1,74,21.5,1,0,Medium
C1651,Electricity,27,1,2,71,7.8,1,1,Medium
C1652,Documentation,27,1,5,60,5.6,0,1,Medium
C1653,Sanitation,30,3,1,21,8.1,1,0,High
C1654,Road,11,3,1,44,5.5,0,0,Low
C1655,Streetlight,26,4,0,32,8.3,0,0,Medium
C1656,Road,17,3,1,30,2.5,0,0,Low
C1657,Streetlight,1,3,0,66,4.4,0,0,Low
C1658,Road,8,5,3,65,10.7,0,1,Medium
C1659,Sanitation,20,2,2,48,22.0,1,1,Low
C1660,Electricity,4,3,2,60,1.9,1,1,Medium
C1661,Road,13,3,4,25,5.7,0,1,Medium
C1662,Documentation,24,3,3,30,22.8,0,1,High
C1663,Water,4,5,0,67,22.3,1,0,Low
C1664,Water,15,5,2,44,17.1,1,1,High
C1665,Road,6,3,1,49,6.4,0,0,Low
C1666,Sanitation,16,3,4,44,10.8,1,1,High
C1667,Streetlight,7,3,1,29,5.7,0,0,Low
C1668,Documentation,29,1,0,65,3.7,0,0,Medium
C1669,Road,2,3,4,61,9.8,0,1,Low
C1670,Electricity,29,2,2,57,14.6,1,1,Low
C1671,Water,24,1,0,38,9.3,1,0,Low
C1672,Sanitation,26,1,4,55,15.5,1,1,High
C1673,Documentation,26,3,1,73,7.8,0,0,Medium
C1674,Sanitation,5,1,5,55,9.0,1,1,Medium
C1675,Sanitation,28,4,4,46,19.9,1,1,High
C1676,Electricity,18,3,2,33,22.0,1,1,High
C1677,Documentation,29,2,3,48,8.4,0,1,Medium
C1678,Electricity,27,4,3,39,14.5,1,1,High
C1679,Water,17,3,3,53,7.3,1,1,High
C1680,Road,11,4,0,20,1.8,0,0,Medium
C1681,Water,3,4,1,29,18.6,1,0,Low
C1682,Road,3,1,1,63,4.7,0,0,Low
C1683,Water,12,2,4,40,10.9,1,1,Medium
C1684,Electricity,25,3,0,43,12.4,1,0,High
C1685,Sanitation,15,5,3,49,5.0,1,1,High
C1686,Road,14,1,4,43,2.8,0,1,Low
C1687,Electricity,7,1,5,62,9.0,1,1,Medium
C1688,Documentation,17,5,1,32,23.8,0,0,High
C1689,Streetlight,19,5,0,61,15.6,0,0,Medium
C1690,Electricity,30,1,4,30,9.8,1,1,High
C1691,Road,22,3,0,39,1.5,0,0,Medium
C1692,Documentation,18,4,0,52,15.2,0,0,High
C1693,Road,28,1,5,69,2.8,0,1,High
C1694,Road,13,2,5,31,13.8,0,1,Medium
C1695,Documentation,28,2,4,52,18.9,0,1,Medium
C1696,Electricity,11,4,5,21,10.9,1,1,High
C1697,Streetlight,3,2,0,22,7.8,0,0,Low
C1698,Sanitation,12,3,0,62,1.7,1,0,Low
C1699,Sanitation,3,2,1,59,1.1,1,0,Low
C1700,Road,3,4,0,39,11.0,0,0,Medium
C1701,Road,27,1,5,54,22.1,0,1,Medium
C1702,Road,24,2,0,40,6.5,0,0,Low
C1703,Water,6,2,3,34,14.6,1,1,Low
C1704,Documentation,25,5,5,43,17.3,0,1,High
C1705,Road,2,5,4,36,2.0,0,1,Medium
C1706,Sanitation,8,3,1,65,4.3,1,0,Low
C1707,Streetlight,21,1,2,41,8.6,0,1,Low
C1708,Streetlight,9,4,3,36,16.9,0,1,High
C1709,Electricity,22,3,4,49,11.3,1,1,Low
C1710,Electricity,27,5,2,61,18.5,1,1,High
C1711,Documentation,2,2,1,33,21.8,0,0,Medium
C1712,Sanitation,0,5,4,72,19.1,1,1,Medium
C1713,Streetlight,29,5,5,44,24.8,0,1,High
C1714,Documentation,16,2,2,56,19.0,0,1,Medium
C1715,Streetlight,15,4,0,73,21.4,0,0,Medium
C1716,Water,14,2,3,43,20.9,1,1,Medium
C1717,Sanitation,13,2,5,29,18.4,1,1,High
C1718,Water,21,2,5,61,20.1,1,1,High
C1719,Sanitation,17,4,2,18,23.4,1,1,Medium
C1720,Documentation,5,2,0,44,12.1,0,0,Low
C1721,Electricity,19,4,3,74,16.1,1,1,Medium
C1722,Electricity,20,3,4,42,13.1,1,1,Medium
C1723,Water,3,4,5,57,21.4,1,1,Low
C1724,Documentation,11,5,0,48,11.1,0,0,Low
C1725,Water,24,1,1,30,20.6,1,0,Low
C1726,Water,19,5,2,36,20.1,1,1,Medium
C1727,Road,4,1,0,48,24.1,0,0,Low
C1728,Water,1,3,5,24,6.6,1,1,Low
C1729,Electricity,18,2,0,42,17.9,1,0,Low
C1730,Electricity,14,4,3,42,19.0,1,1,Medium
C1731,Road,29,4,5,66,23.4,0,1,High
C1732,Water,16,5,4,25,22.7,1,1,High
C1733,Water,28,3,4,66,14.6,1,1,High
C1734,Electricity,6,5,1,41,14.7,1,0,Medium
C1735,Water,13,2,4,55,4.6,1,1,Medium
C1736,Sanitation,4,2,2,50,24.4,1,1,Low
C1737,Road,17,2,0,35,6.7,0,0,Low
C1738,Road,5,3,2,71,18.3,0,1,Low
C1739,Electricity,15,4,2,31,20.0,1,1,Medium
C1740,Electricity,10,5,3,20,11.3,1,1,Medium
C1741,Water,5,2,1,61,5.7,1,0,Low
C1742,Water,3,2,2,54,5.1,1,1,Low
C1743,Streetlight,15,5,2,69,21.5,0,1,Medium
C1744,Water,29,3,1,44,13.0,1,0,High
C1745,Electricity,6,2,4,18,2.7,1,1,Medium
C1746,Electricity,12,5,1,19,18.1,1,0,Medium
C1747,Road,6,3,4,43,6.6,0,1,Medium
C1748,Electricity,25,5,1,32,22.0,1,0,High
C1749,Streetlight,12,5,5,71,8.1,0,1,Medium
C1750,Streetlight,30,5,2,24,5.4,0,1,High
C1751,Road,7,3,0,69,2.6,0,0,Low
C1752,Road,2,4,0,30,13.0,0,0,Low
C1753,Road,18,5,4,24,11.5,0,1,Medium
C1754,Electricity,20,2,5,33,18.9,1,1,Medium
C1755,Sanitation,30,1,1,26,11.9,1,0,Medium
C1756,Road,27,2,3,41,8.9,0,1,Medium
C1757,Road,27,4,3,37,6.9,0,1,High
C1758,Documentation,19,3,0,48,7.3,0,0,Medium
C1759,Water,11,1,2,49,23.2,1,1,Medium
C1760,Electricity,13,3,4,18,4.5,1,1,High
C1761,Sanitation,4,1,5,25,24.7,1,1,Medium
C1762,Water,13,3,5,27,8.5,1,1,Medium
C1763,Water,11,3,0,29,2.7,1,0,Low
C1764,Water,1,4,1,23,6.6,1,0,Low
C1765,Documentation,6,3,2,36,1.9,0,1,Medium
C1766,Water,16,3,0,49,19.9,1,0,Medium
C1767,Water,11,4,3,35,13.1,1,1,Medium
C1768,Water,30,4,0,37,8.8,1,0,High
C1769,Water,14,5,0,45,16.7,1,0,Medium
C1770,Sanitation,29,2,0,49,16.0,1,0,Medium
C1771,Road,20,3,1,37,23.5,0,0,Low
C1772,Sanitation,1,2,4,30,24.1,1,1,Low
C1773,Sanitation,6,3,1,41,17.2,1,0,Medium
C1774,Streetlight,21,1,5,19,20.5,0,1,Medium
C1775,Water,16,3,1,46,19.9,1,0,Low
C1776,Streetlight,9,1,0,72,12.5,0,0,Low
C1777,Sanitation,16,3,2,41,17.8,1,1,Medium
C1778,Water,27,5,4,24,2.4,1,1,High
C1779,Streetlight,12,5,0,59,19.1,0,0,Low
C1780,Streetlight,1,3,0,25,24.1,0,0,Low
C1781,Road,9,1,5,29,2.6,0,1,Low
C1782,Documentation,29,2,3,26,21.0,0,1,Medium
C1783,Electricity,23,1,2,69,23.4,1,1,Medium
C1784,Sanitation,25,4,4,74,6.0,1,1,High
C1785,Documentation,28,5,5,51,13.4,0,1,High
C1786,Road,3,3,2,53,23.2,0,1,Low
C1787,Streetlight,8,1,3,55,24.0,0,1,Low
C1788,Road,1,1,0,53,3.6,0,0,Low
C1789,Streetlight,0,5,1,49,9.1,0,0,Medium
C1790,Sanitation,25,2,3,75,17.6,1,1,Medium
C1791,Road,29,1,1,60,5.9,0,0,Medium
C1792,Electricity,4,1,5,23,8.5,1,1,Low
C1793,Road,22,2,5,40,1.1,0,1,High
C1794,Water,16,4,1,74,4.3,1,0,Medium
C1795,Water,2,5,2,41,14.3,1,1,Low
C1796,Road,28,2,1,29,16.5,0,0,Medium
C1797,Water,27,4,3,68,16.4,1,1,High
C1798,Water,17,1,0,54,19.6,1,0,Low
C1799,Streetlight,21,1,2,50,10.7,0,1,Medium
C1800,Sanitation,12,1,3,42,7.2,1,1,Low
C1801,Streetlight,24,5,3,25,0.9,0,1,High
C1802,Road,13,3,3,40,5.6,0,1,Medium
C1803,Documentation,30,5,1,43,8.2,0,0,High
C1804,Sanitation,1,1,4,72,4.9,1,1,Low
C1805,Water,5,1,4,35,1.0,1,1,Medium
C1806,Water,30,5,4,26,4.4,1,1,High
C1807,Sanitation,8,1,2,42,16.8,1,1,Low
C1808,Water,9,1,5,75,15.9,1,1,Medium
C1809,Electricity,24,3,2,45,23.4,1,1,High
C1810,Documentation,5,4,4,39,20.1,0,1,Medium
C1811,Water,15,2,1,56,14.4,1,0,Medium
C1812,Water,8,3,1,55,3.9,1,0,Low
C1813,Documentation,6,4,3,35,14.3,0,1,Low
C1814,Sanitation,29,3,3,74,2.0,1,1,High
C1815,Water,6,2,4,52,11.1,1,1,Medium
C1816,Documentation,2,1,1,21,10.1,0,0,Low
C1817,Documentation,20,3,5,41,11.0,0,1,High
C1818,Electricity,26,5,1,71,7.4,1,0,High
C1819,Sanitation,3,4,3,40,17.3,1,1,Medium
C1820,Road,21,5,5,50,21.1,0,1,High
C1821,Water,16,1,3,53,19.3,1,1,Medium
C1822,Sanitation,25,1,4,58,15.9,1,1,Medium
C1823,Road,3,3,5,68,13.7,0,1,Medium
C1824,Sanitation,30,1,5,26,1.3,1,1,High
C1825,Streetlight,19,3,2,47,18.2,0,1,High
C1826,Water,26,5,2,48,13.9,1,1,Medium
C1827,Sanitation,11,2,1,26,7.1,1,0,Low
C1828,Road,29,3,3,57,8.5,0,1,High
C1829,Documentation,19,4,5,24,23.4,0,1,Medium
C1830,Road,3,1,2,44,15.8,0,1,Low
C1831,Sanitation,28,5,2,37,12.2,1,1,High
C1832,Sanitation,24,2,0,26,15.7,1,0,Medium
C1833,Electricity,9,5,2,65,10.6,1,1,Medium
C1834,Sanitation,16,4,1,32,12.0,1,0,Medium
C1835,Streetlight,12,1,5,32,7.6,0,1,Low
C1836,Sanitation,16,4,3,67,11.3,1,1,Medium
C1837,Streetlight,29,1,0,68,17.3,0,0,Low
C1838,Documentation,27,3,0,19,1.5,0,0,Medium
C1839,Electricity,6,5,5,34,20.0,1,1,High
C1840,Electricity,30,5,5,59,7.4,1,1,High
C1841,Water,13,5,4,63,17.2,1,1,Medium
C1842,Streetlight,21,3,0,75,16.2,0,0,Low
C1843,Electricity,23,3,0,50,16.5,1,0,Medium
C1844,Electricity,14,2,1,18,15.4,1,0,Low
C1845,Water,14,5,4,68,24.0,1,1,High
C1846,Documentation,14,3,4,27,13.0,0,1,Low
C1847,Electricity,26,4,5,25,18.4,1,1,High
C1848,Sanitation,11,2,0,57,17.8,1,0,Low
C1849,Water,8,4,0,53,6.3,1,0,Medium
C1850,Documentation,11,2,5,21,7.4,0,1,Medium
C1851,Water,6,4,5,27,10.9,1,1,Medium
C1852,Water,12,1,4,52,7.3,1,1,Low
C1853,Streetlight,3,1,0,32,9.5,0,0,Low
C1854,Documentation,2,2,0,57,10.1,0,0,Medium
C1855,Road,22,3,0,41,15.3,0,0,Medium
C1856,Electricity,2,4,4,52,5.9,1,1,High
C1857,Streetlight,17,2,5,45,20.2,0,1,High
C1858,Documentation,24,1,3,39,11.2,0,1,Medium
C1859,Road,22,2,1,37,17.8,0,0,Low
C1860,Electricity,13,3,4,58,2.5,1,1,High
C1861,Streetlight,6,3,0,47,12.0,0,0,Low
C1862,Streetlight,28,4,4,52,1.2,0,1,High
C1863,Streetlight,25,2,5,51,17.1,0,1,High
C1864,Sanitation,18,4,4,30,8.9,1,1,Medium
C1865,Water,2,4,5,70,23.8,1,1,Medium
C1866,Documentation,1,4,3,50,8.4,0,1,Medium
C1867,Streetlight,9,3,2,59,14.3,0,1,Low
C1868,Streetlight,4,5,1,69,6.8,0,0,Medium
C1869,Water,26,2,5,71,15.7,1,1,Medium
C1870,Road,6,4,4,56,11.9,0,1,Low
C1871,Streetlight,8,1,1,63,9.6,0,0,Low
C1872,Water,30,1,5,45,5.5,1,1,High
C1873,Documentation,25,5,0,60,3.2,0,0,Medium
C1874,Road,6,3,3,36,3.4,0,1,Medium
C1875,Sanitation,11,4,1,59,25.0,1,0,Low
C1876,Documentation,15,4,3,22,10.6,0,1,Medium
C1877,Electricity,20,4,2,71,0.5,1,1,High
C1878,Road,29,2,2,32,23.8,0,1,Medium
C1879,Sanitation,27,1,4,56,1.0,1,1,Medium
C1880,Sanitation,30,1,4,18,10.8,1,1,High
C1881,Electricity,1,5,2,27,18.1,1,1,High
C1882,Sanitation,7,2,5,75,22.9,1,1,Medium
C1883,Documentation,17,3,2,66,18.0,0,1,Low
C1884,Electricity,1,3,0,30,11.9,1,0,Low
C1885,Water,11,1,0,25,24.4,1,0,Low
C1886,Road,4,3,1,65,1.5,0,0,Low
C1887,Electricity,28,1,4,75,24.7,1,1,High
C1888,Water,1,1,3,27,21.3,1,1,Low
C1889,Water,4,1,2,56,23.3,1,1,Low
C1890,Sanitation,6,5,2,34,6.7,1,1,High
C1891,Road,4,3,5,61,4.0,0,1,Low
C1892,Documentation,17,5,3,42,16.8,0,1,Medium
C1893,Road,11,3,0,25,13.1,0,0,Low
C1894,Water,28,2,0,36,13.3,1,0,Medium
C1895,Streetlight,8,4,2,49,23.2,0,1,Medium
C1896,Documentation,16,5,2,64,15.7,0,1,High
C1897,Road,20,3,5,19,8.1,0,1,Medium
C1898,Road,19,1,3,73,10.3,0,1,Low
C1899,Water,24,2,4,55,3.8,1,1,High
C1900,Electricity,6,5,3,68,5.2,1,1,Medium
C1901,Electricity,15,3,2,71,4.0,1,1,Medium
C1902,Road,24,5,3,26,20.4,0,1,High
C1903,Water,26,3,3,23,17.8,1,1,High
C1904,Electricity,19,1,4,63,13.5,1,1,Medium
C1905,Documentation,20,5,1,28,9.7,0,0,Medium
C1906,Sanitation,26,4,3,26,16.9,1,1,High
C1907,Electricity,19,4,1,45,20.4,1,0,Medium
C1908,Water,29,5,4,70,22.1,1,1,High
C1909,Road,3,1,4,64,13.9,0,1,Medium
C1910,Road,10,5,3,48,20.6,0,1,Medium
C1911,Streetlight,3,2,5,29,13.0,0,1,Medium
C1912,Documentation,2,5,3,37,12.1,0,1,Low
C1913,Documentation,14,1,0,57,21.7,0,0,Low
C1914,Documentation,7,3,3,27,10.0,0,1,Low
C1915,Documentation,12,4,4,48,10.2,0,1,High
C1916,Documentation,13,1,0,18,8.0,0,0,Low
C1917,Water,19,1,0,36,13.2,1,0,Medium
C1918,Water,29,5,1,32,13.8,1,0,High
C1919,Road,26,1,5,57,16.7,0,1,Medium
C1920,Sanitation,11,4,3,71,11.0,1,1,Medium
C1921,Water,10,5,5,26,5.8,1,1,High
C1922,Streetlight,23,4,5,64,21.7,0,1,Medium
C1923,Sanitation,3,3,3,56,9.0,1,1,Low
C1924,Electricity,16,3,4,74,23.1,1,1,Medium
C1925,Water,13,4,1,70,5.6,1,0,Low
C1926,Road,5,3,0,23,14.2,0,0,Low
C1927,Water,19,3,2,61,13.6,1,1,Medium
C1928,Streetlight,9,1,3,52,20.8,0,1,Low
C1929,Sanitation,5,4,1,24,3.9,1,0,Low
C1930,Streetlight,20,4,1,32,22.8,0,0,Medium
C1931,Road,5,4,0,71,13.5,0,0,Medium
C1932,Road,20,1,4,49,14.9,0,1,Medium
C1933,Electricity,5,4,5,37,13.0,1,1,Medium
C1934,Streetlight,13,4,4,36,1.4,0,1,Medium
C1935,Streetlight,25,1,2,66,12.7,0,1,Low
C1936,Road,7,5,3,34,7.0,0,1,Medium
C1937,Documentation,23,3,5,27,8.9,0,1,High
C1938,Water,22,3,3,51,16.4,1,1,High
C1939,Documentation,27,4,1,75,12.7,0,0,High
C1940,Water,5,3,2,28,2.8,1,1,Medium
C1941,Road,22,3,4,32,2.3,0,1,Medium
C1942,Streetlight,29,2,2,45,5.0,0,1,Medium
C1943,Water,23,5,5,29,5.2,1,1,High
C1944,Electricity,5,5,5,55,15.4,1,1,Medium
C1945,Electricity,25,1,0,32,4.9,1,0,Medium
C1946,Road,3,4,4,25,22.1,0,1,Low
C1947,Sanitation,18,1,2,33,5.6,1,1,Medium
C1948,Streetlight,15,2,3,71,2.7,0,1,Medium
C1949,Documentation,16,5,1,72,22.0,0,0,Low
C1950,Road,16,1,2,47,7.7,0,1,Low
C1951,Electricity,0,2,1,41,10.9,1,0,Low
C1952,Road,15,2,0,65,24.0,0,0,Low
C1953,Road,29,4,4,29,23.6,0,1,Medium
C1954,Water,13,3,0,55,18.0,1,0,Medium
C1955,Documentation,8,3,2,57,2.2,0,1,Medium
C1956,Documentation,30,5,1,59,15.0,0,0,High
C1957,Streetlight,3,3,0,30,24.7,0,0,Low
C1958,Electricity,15,4,2,59,23.7,1,1,Medium
C1959,Electricity,15,1,5,53,3.1,1,1,Medium
C1960,Electricity,14,2,5,68,10.2,1,1,Medium
C1961,Electricity,28,5,2,28,8.2,1,1,High
C1962,Electricity,13,5,3,53,3.7,1,1,High
C1963,Water,30,4,5,66,17.5,1,1,High
C1964,Water,2,2,1,34,7.2,1,0,Low
C1965,Documentation,22,1,5,61,8.9,0,1,Low
C1966,Electricity,18,5,0,23,2.7,1,0,Medium
C1967,Documentation,7,4,1,59,12.7,0,0,Low
C1968,Water,7,2,2,53,4.4,1,1,Low
C1969,Sanitation,22,3,0,29,11.1,1,0,Medium
C1970,Road,19,4,4,21,4.0,0,1,High
C1971,Road,18,3,5,61,23.9,0,1,High
C1972,Water,1,5,2,31,4.1,1,1,Low
C1973,Water,18,1,5,46,13.3,1,1,Medium
C1974,Documentation,30,2,4,21,5.3,0,1,High
C1975,Road,0,1,4,73,2.4,0,1,Low
C1976,Sanitation,14,4,4,49,5.5,1,1,Medium
C1977,Electricity,15,4,3,72,1.8,1,1,High
C1978,Electricity,27,5,0,27,3.9,1,0,High
C1979,Electricity,8,3,5,29,12.6,1,1,Medium
C1980,Water,14,1,3,53,16.5,1,1,Medium
C1981,Documentation,22,3,5,53,2.6,0,1,High
C1982,Streetlight,1,1,5,63,11.3,0,1,Low
C1983,Streetlight,24,4,1,71,14.7,0,0,Medium
C1984,Electricity,25,4,2,65,6.2,1,1,Medium
C1985,Water,22,5,1,26,9.6,1,0,Medium
C1986,Documentation,20,2,0,35,2.3,0,0,Low
C1987,Road,23,2,5,71,5.9,0,1,Medium
C1988,Water,24,1,5,49,11.9,1,1,Medium
C1989,Road,28,3,5,68,24.8,0,1,High
C1990,Streetlight,13,3,5,50,24.9,0,1,High
C1991,Sanitation,14,4,3,20,24.5,1,1,High
C1992,Streetlight,19,4,3,45,10.9,0,1,Medium
C1993,Streetlight,5,1,5,65,2.5,0,1,Low
C1994,Road,26,2,3,55,8.4,0,1,Medium
C1995,Documentation,23,3,3,25,6.3,0,1,Medium
C1996,Electricity,19,2,1,30,0.8,1,0,Medium
C1997,Sanitation,9,1,4,67,2.8,1,1,Medium
C1998,Water,10,5,4,74,11.6,1,1,High
C1999,Documentation,13,4,4,61,8.8,0,1,High
C2000,Road,20,3,2,23,4.9,0,1,Medium
